{
  "name": "Gruvvy Watermelon",
  "colors": {
    "rosewater": {
      "name": "rosewater",
      "hex": "#ffc7d6",
      "rgb": {
        "r": 255,
        "g": 199,
        "b": 214,
        "a": 1
      },
      "hsl": {
        "h": 343.9285714285714,
        "s": 100,
        "l": 89.01960784313725,
        "a": 1
      },
      "accent": false
    },
    "cherry": {
      "name": "cherry",
      "hex": "#FF647D",
      "rgb": {
        "r": 255,
        "g": 100,
        "b": 125,
        "a": 1
      },
      "hsl": {
        "h": 350.3225806451613,
        "s": 100,
        "l": 69.6078431372549,
        "a": 1
      },
      "accent": false
    },
    "pink": {
      "name": "pink",
      "hex": "#FFB6EB",
      "rgb": {
        "r": 255,
        "g": 182,
        "b": 235,
        "a": 1
      },
      "hsl": {
        "h": 316.43835616438355,
        "s": 100,
        "l": 85.68627450980392,
        "a": 1
      },
      "accent": false
    },
    "raspberry": {
      "name": "raspberry",
      "hex": "#DD5A8E",
      "rgb": {
        "r": 221,
        "g": 90,
        "b": 142,
        "a": 1
      },
      "hsl": {
        "h": 336.1832061068702,
        "s": 65.82914572864323,
        "l": 60.98039215686275,
        "a": 1
      },
      "accent": false
    },
    "lavender": {
      "name": "lavender",
      "hex": "#C3ADFF",
      "rgb": {
        "r": 195,
        "g": 173,
        "b": 255,
        "a": 1
      },
      "hsl": {
        "h": 256.0975609756097,
        "s": 100,
        "l": 83.92156862745098,
        "a": 1
      },
      "accent": false
    },
    "mauve": {
      "name": "mauve",
      "hex": "#9781D5",
      "rgb": {
        "r": 151,
        "g": 129,
        "b": 213,
        "a": 1
      },
      "hsl": {
        "h": 255.71428571428572,
        "s": 50.00000000000002,
        "l": 67.05882352941177,
        "a": 1
      },
      "accent": false
    },
    "seafoam": {
      "name": "seafoam",
      "hex": "#A2EDE0",
      "rgb": {
        "r": 162,
        "g": 237,
        "b": 224,
        "a": 1
      },
      "hsl": {
        "h": 169.6,
        "s": 67.56756756756758,
        "l": 78.23529411764706,
        "a": 1
      },
      "accent": false
    },
    "teal": {
      "name": "teal",
      "hex": "#67938E",
      "rgb": {
        "r": 103,
        "g": 147,
        "b": 142,
        "a": 1
      },
      "hsl": {
        "h": 173.18181818181822,
        "s": 17.599999999999998,
        "l": 49.01960784313725,
        "a": 1
      },
      "accent": false
    },
    "mint": {
      "name": "mint",
      "hex": "#81E5B3",
      "rgb": {
        "r": 129,
        "g": 229,
        "b": 179,
        "a": 1
      },
      "hsl": {
        "h": 150,
        "s": 65.78947368421052,
        "l": 70.19607843137254,
        "a": 1
      },
      "accent": false
    },
    "watermelon": {
      "name": "watermelon",
      "hex": "#4FB094",
      "rgb": {
        "r": 79,
        "g": 176,
        "b": 148,
        "a": 1
      },
      "hsl": {
        "h": 162.68041237113403,
        "s": 38.03921568627451,
        "l": 50,
        "a": 1
      },
      "accent": false
    },
    "champagne": {
      "name": "champagne",
      "hex": "#f1bcac",
      "rgb": {
        "r": 241,
        "g": 188,
        "b": 172,
        "a": 1
      },
      "hsl": {
        "h": 13.913043478260875,
        "s": 71.13402061855668,
        "l": 80.98039215686275,
        "a": 1
      },
      "accent": false
    },
    "peach": {
      "name": "peach",
      "hex": "#f18464",
      "rgb": {
        "r": 241,
        "g": 132,
        "b": 100,
        "a": 1
      },
      "hsl": {
        "h": 13.61702127659575,
        "s": 83.43195266272188,
        "l": 66.86274509803921,
        "a": 1
      },
      "accent": false
    },
    "text": {
      "name": "text",
      "hex": "#ecefeeff",
      "rgb": {
        "r": 236,
        "g": 239,
        "b": 238,
        "a": 1
      },
      "hsl": {
        "h": 160,
        "s": 8.571428571428545,
        "l": 93.13725490196079,
        "a": 1
      },
      "accent": false
    },
    "subtext1": {
      "name": "subtext1",
      "hex": "#d8e8e6ff",
      "rgb": {
        "r": 216,
        "g": 232,
        "b": 230,
        "a": 1
      },
      "hsl": {
        "h": 172.50000000000003,
        "s": 25.80645161290321,
        "l": 87.84313725490196,
        "a": 1
      },
      "accent": false
    },
    "subtext0": {
      "name": "subtext0",
      "hex": "#cee9e6ff",
      "rgb": {
        "r": 206,
        "g": 233,
        "b": 230,
        "a": 1
      },
      "hsl": {
        "h": 173.33333333333337,
        "s": 38.028169014084476,
        "l": 86.07843137254902,
        "a": 1
      },
      "accent": false
    },
    "overlay1": {
      "name": "overlay1",
      "hex": "#9dafadff",
      "rgb": {
        "r": 157,
        "g": 175,
        "b": 173,
        "a": 1
      },
      "hsl": {
        "h": 173.33333333333337,
        "s": 10.112359550561795,
        "l": 65.09803921568627,
        "a": 1
      },
      "accent": false
    },
    "overlay0": {
      "name": "overlay0",
      "hex": "#6a817fff",
      "rgb": {
        "r": 106,
        "g": 129,
        "b": 127,
        "a": 1
      },
      "hsl": {
        "h": 174.78260869565221,
        "s": 9.787234042553186,
        "l": 46.07843137254902,
        "a": 1
      },
      "accent": false
    },
    "surface1": {
      "name": "surface1",
      "hex": "#5e6867ff",
      "rgb": {
        "r": 94,
        "g": 104,
        "b": 103,
        "a": 1
      },
      "hsl": {
        "h": 174.00000000000003,
        "s": 5.050505050505047,
        "l": 38.82352941176471,
        "a": 1
      },
      "accent": false
    },
    "surface0": {
      "name": "surface0",
      "hex": "#35403eff",
      "rgb": {
        "r": 53,
        "g": 64,
        "b": 62,
        "a": 1
      },
      "hsl": {
        "h": 169.0909090909091,
        "s": 9.401709401709397,
        "l": 22.941176470588236,
        "a": 1
      },
      "accent": false
    },
    "base": {
      "name": "base",
      "hex": "#2a3232ff",
      "rgb": {
        "r": 42,
        "g": 50,
        "b": 50,
        "a": 1
      },
      "hsl": {
        "h": 180,
        "s": 8.695652173913043,
        "l": 18.03921568627451,
        "a": 1
      },
      "accent": false
    },
    "mantle": {
      "name": "mantle",
      "hex": "#202727ff",
      "rgb": {
        "r": 32,
        "g": 39,
        "b": 39,
        "a": 1
      },
      "hsl": {
        "h": 180,
        "s": 9.85915492957747,
        "l": 13.92156862745098,
        "a": 1
      },
      "accent": false
    },
    "crust": {
      "name": "crust",
      "hex": "#171c1bff",
      "rgb": {
        "r": 23,
        "g": 28,
        "b": 27,
        "a": 1
      },
      "hsl": {
        "h": 167.99999999999997,
        "s": 9.803921568627452,
        "l": 10,
        "a": 1
      },
      "accent": false
    }
  },
  "colorEntries": [
    [
      "rosewater",
      {
        "name": "rosewater",
        "hex": "#ffc7d6",
        "rgb": {
          "r": 255,
          "g": 199,
          "b": 214,
          "a": 1
        },
        "hsl": {
          "h": 343.9285714285714,
          "s": 100,
          "l": 89.01960784313725,
          "a": 1
        },
        "accent": false
      }
    ],
    [
      "cherry",
      {
        "name": "cherry",
        "hex": "#FF647D",
        "rgb": {
          "r": 255,
          "g": 100,
          "b": 125,
          "a": 1
        },
        "hsl": {
          "h": 350.3225806451613,
          "s": 100,
          "l": 69.6078431372549,
          "a": 1
        },
        "accent": false
      }
    ],
    [
      "pink",
      {
        "name": "pink",
        "hex": "#FFB6EB",
        "rgb": {
          "r": 255,
          "g": 182,
          "b": 235,
          "a": 1
        },
        "hsl": {
          "h": 316.43835616438355,